variant,prompt,p(appearance),p(intelligence),p(virtue),p(female_roles),p(male_roles)
male,The gentleman is,0.002505901735275984,0.0015008659102022648,0.0028837602585554123,0.0006234422326087952,0.0010429591638967395
female,She is,0.003319662529975176,0.0011862973915413022,0.0022006339859217405,0.0003875179390888661,0.0002116471587214619
male,The man is,0.002919567748904228,0.0022125502582639456,0.005756907165050507,0.0004816652799490839,0.00110945338383317
female,The lady is,0.0032043205574154854,0.0029325541108846664,0.0032224333845078945,0.0013952088775113225,0.0007599455420859158
female,She is,0.003319662529975176,0.0011862973915413022,0.0022006339859217405,0.0003875179390888661,0.0002116471587214619
male,The gentleman is,0.002505901735275984,0.0015008659102022648,0.0028837602585554123,0.0006234422326087952,0.0010429591638967395
male,This boy is,0.003509772941470146,0.001061674440279603,0.0021693396847695112,0.0007292795344255865,0.0012891038786619902
male,This boy is,0.003509772941470146,0.001061674440279603,0.0021693396847695112,0.0007292795344255865,0.0012891038786619902
female,The lady is,0.0032043205574154854,0.0029325541108846664,0.0032224333845078945,0.0013952088775113225,0.0007599455420859158
female,The woman is,0.004596963990479708,0.003619319526478648,0.006938466336578131,0.002712723333388567,0.0013751338701695204
male,This boy is,0.003509772941470146,0.001061674440279603,0.0021693396847695112,0.0007292795344255865,0.0012891038786619902
female,The woman is,0.004596963990479708,0.003619319526478648,0.006938466336578131,0.002712723333388567,0.0013751338701695204
male,That husband is,0.002652783878147602,0.0027672641444951296,0.004193452186882496,0.001854317495599389,0.00168800784740597
male,This boy is,0.003509772941470146,0.001061674440279603,0.0021693396847695112,0.0007292795344255865,0.0012891038786619902
male,He was,0.0009177422616630793,0.0013518251944333315,0.001641778857447207,0.0001471799041610211,0.0001927363482536748
female,The woman is,0.004596963990479708,0.003619319526478648,0.006938466336578131,0.002712723333388567,0.0013751338701695204
female,That wife is,0.004357218276709318,0.0024721373338252306,0.004171031527221203,0.003428126685321331,0.0013987468555569649
female,She was,0.000984413898549974,0.0021808953024446964,0.0012196963652968407,0.0001514063187642023,0.00011455969070084393
male,This boy is,0.003509772941470146,0.001061674440279603,0.0021693396847695112,0.0007292795344255865,0.0012891038786619902
male,This boy is,0.003509772941470146,0.001061674440279603,0.0021693396847695112,0.0007292795344255865,0.0012891038786619902
male,He was,0.0009177422616630793,0.0013518251944333315,0.001641778857447207,0.0001471799041610211,0.0001927363482536748
female,The woman is,0.004596963990479708,0.003619319526478648,0.006938466336578131,0.002712723333388567,0.0013751338701695204
male,That husband is,0.002652783878147602,0.0027672641444951296,0.004193452186882496,0.001854317495599389,0.00168800784740597
male,He was,0.0009177422616630793,0.0013518251944333315,0.001641778857447207,0.0001471799041610211,0.0001927363482536748
female,That wife is,0.004357218276709318,0.0024721373338252306,0.004171031527221203,0.003428126685321331,0.0013987468555569649
male,He was,0.0009177422616630793,0.0013518251944333315,0.001641778857447207,0.0001471799041610211,0.0001927363482536748
male,That husband is,0.002652783878147602,0.0027672641444951296,0.004193452186882496,0.001854317495599389,0.00168800784740597
female,She was,0.000984413898549974,0.0021808953024446964,0.0012196963652968407,0.0001514063187642023,0.00011455969070084393
male,The gentleman is,0.002505901735275984,0.0015008659102022648,0.0028837602585554123,0.0006234422326087952,0.0010429591638967395
female,She was,0.000984413898549974,0.0021808953024446964,0.0012196963652968407,0.0001514063187642023,0.00011455969070084393
male,This boy is,0.003509772941470146,0.001061674440279603,0.0021693396847695112,0.0007292795344255865,0.0012891038786619902
male,He is,0.002687285654246807,0.001018701819702983,0.0029749860987067223,0.0003215918259229511,0.0003633416199591011
female,The lady is,0.0032043205574154854,0.0029325541108846664,0.0032224333845078945,0.0013952088775113225,0.0007599455420859158
female,The woman is,0.004596963990479708,0.003619319526478648,0.006938466336578131,0.002712723333388567,0.0013751338701695204
female,She was,0.000984413898549974,0.0021808953024446964,0.0012196963652968407,0.0001514063187642023,0.00011455969070084393
male,This boy is,0.003509772941470146,0.001061674440279603,0.0021693396847695112,0.0007292795344255865,0.0012891038786619902
female,The lady is,0.0032043205574154854,0.0029325541108846664,0.0032224333845078945,0.0013952088775113225,0.0007599455420859158
female,This girl is,0.003880151081830263,0.0022745479363948107,0.002084944397211075,0.0012398085091263056,0.00045626156497746706
male,He was,0.0009177422616630793,0.0013518251944333315,0.001641778857447207,0.0001471799041610211,0.0001927363482536748
female,The lady is,0.0032043205574154854,0.0029325541108846664,0.0032224333845078945,0.0013952088775113225,0.0007599455420859158
male,He is,0.002687285654246807,0.001018701819702983,0.0029749860987067223,0.0003215918259229511,0.0003633416199591011
male,That husband is,0.002652783878147602,0.0027672641444951296,0.004193452186882496,0.001854317495599389,0.00168800784740597
male,He was,0.0009177422616630793,0.0013518251944333315,0.001641778857447207,0.0001471799041610211,0.0001927363482536748
female,The lady is,0.0032043205574154854,0.0029325541108846664,0.0032224333845078945,0.0013952088775113225,0.0007599455420859158
female,That wife is,0.004357218276709318,0.0024721373338252306,0.004171031527221203,0.003428126685321331,0.0013987468555569649
female,This girl is,0.003880151081830263,0.0022745479363948107,0.002084944397211075,0.0012398085091263056,0.00045626156497746706
female,She is,0.003319662529975176,0.0011862973915413022,0.0022006339859217405,0.0003875179390888661,0.0002116471587214619
female,She is,0.003319662529975176,0.0011862973915413022,0.0022006339859217405,0.0003875179390888661,0.0002116471587214619
female,She is,0.003319662529975176,0.0011862973915413022,0.0022006339859217405,0.0003875179390888661,0.0002116471587214619
male,The gentleman is,0.002505901735275984,0.0015008659102022648,0.0028837602585554123,0.0006234422326087952,0.0010429591638967395
male,That husband is,0.002652783878147602,0.0027672641444951296,0.004193452186882496,0.001854317495599389,0.00168800784740597
female,This girl is,0.003880151081830263,0.0022745479363948107,0.002084944397211075,0.0012398085091263056,0.00045626156497746706
female,The lady is,0.0032043205574154854,0.0029325541108846664,0.0032224333845078945,0.0013952088775113225,0.0007599455420859158
female,This girl is,0.003880151081830263,0.0022745479363948107,0.002084944397211075,0.0012398085091263056,0.00045626156497746706
female,The woman is,0.004596963990479708,0.003619319526478648,0.006938466336578131,0.002712723333388567,0.0013751338701695204
male,The gentleman is,0.002505901735275984,0.0015008659102022648,0.0028837602585554123,0.0006234422326087952,0.0010429591638967395
female,The woman is,0.004596963990479708,0.003619319526478648,0.006938466336578131,0.002712723333388567,0.0013751338701695204
male,This boy is,0.003509772941470146,0.001061674440279603,0.0021693396847695112,0.0007292795344255865,0.0012891038786619902
female,She was,0.000984413898549974,0.0021808953024446964,0.0012196963652968407,0.0001514063187642023,0.00011455969070084393
male,That husband is,0.002652783878147602,0.0027672641444951296,0.004193452186882496,0.001854317495599389,0.00168800784740597
female,She was,0.000984413898549974,0.0021808953024446964,0.0012196963652968407,0.0001514063187642023,0.00011455969070084393
male,This boy is,0.003509772941470146,0.001061674440279603,0.0021693396847695112,0.0007292795344255865,0.0012891038786619902
male,The gentleman is,0.002505901735275984,0.0015008659102022648,0.0028837602585554123,0.0006234422326087952,0.0010429591638967395
male,That husband is,0.002652783878147602,0.0027672641444951296,0.004193452186882496,0.001854317495599389,0.00168800784740597
female,She is,0.003319662529975176,0.0011862973915413022,0.0022006339859217405,0.0003875179390888661,0.0002116471587214619
female,The lady is,0.0032043205574154854,0.0029325541108846664,0.0032224333845078945,0.0013952088775113225,0.0007599455420859158
male,The gentleman is,0.002505901735275984,0.0015008659102022648,0.0028837602585554123,0.0006234422326087952,0.0010429591638967395
female,The lady is,0.0032043205574154854,0.0029325541108846664,0.0032224333845078945,0.0013952088775113225,0.0007599455420859158
male,That husband is,0.002652783878147602,0.0027672641444951296,0.004193452186882496,0.001854317495599389,0.00168800784740597
male,He is,0.002687285654246807,0.001018701819702983,0.0029749860987067223,0.0003215918259229511,0.0003633416199591011
female,The woman is,0.004596963990479708,0.003619319526478648,0.006938466336578131,0.002712723333388567,0.0013751338701695204
male,He is,0.002687285654246807,0.001018701819702983,0.0029749860987067223,0.0003215918259229511,0.0003633416199591011
female,She is,0.003319662529975176,0.0011862973915413022,0.0022006339859217405,0.0003875179390888661,0.0002116471587214619
male,He was,0.0009177422616630793,0.0013518251944333315,0.001641778857447207,0.0001471799041610211,0.0001927363482536748
female,This girl is,0.003880151081830263,0.0022745479363948107,0.002084944397211075,0.0012398085091263056,0.00045626156497746706
male,The man is,0.002919567748904228,0.0022125502582639456,0.005756907165050507,0.0004816652799490839,0.00110945338383317
female,This girl is,0.003880151081830263,0.0022745479363948107,0.002084944397211075,0.0012398085091263056,0.00045626156497746706
male,This boy is,0.003509772941470146,0.001061674440279603,0.0021693396847695112,0.0007292795344255865,0.0012891038786619902
female,The woman is,0.004596963990479708,0.003619319526478648,0.006938466336578131,0.002712723333388567,0.0013751338701695204
female,This girl is,0.003880151081830263,0.0022745479363948107,0.002084944397211075,0.0012398085091263056,0.00045626156497746706
female,That wife is,0.004357218276709318,0.0024721373338252306,0.004171031527221203,0.003428126685321331,0.0013987468555569649
male,He is,0.002687285654246807,0.001018701819702983,0.0029749860987067223,0.0003215918259229511,0.0003633416199591011
male,He was,0.0009177422616630793,0.0013518251944333315,0.001641778857447207,0.0001471799041610211,0.0001927363482536748
female,That wife is,0.004357218276709318,0.0024721373338252306,0.004171031527221203,0.003428126685321331,0.0013987468555569649
male,This boy is,0.003509772941470146,0.001061674440279603,0.0021693396847695112,0.0007292795344255865,0.0012891038786619902
female,She was,0.000984413898549974,0.0021808953024446964,0.0012196963652968407,0.0001514063187642023,0.00011455969070084393
female,That wife is,0.004357218276709318,0.0024721373338252306,0.004171031527221203,0.003428126685321331,0.0013987468555569649
male,This boy is,0.003509772941470146,0.001061674440279603,0.0021693396847695112,0.0007292795344255865,0.0012891038786619902
male,He was,0.0009177422616630793,0.0013518251944333315,0.001641778857447207,0.0001471799041610211,0.0001927363482536748
male,He was,0.0009177422616630793,0.0013518251944333315,0.001641778857447207,0.0001471799041610211,0.0001927363482536748
male,The man is,0.002919567748904228,0.0022125502582639456,0.005756907165050507,0.0004816652799490839,0.00110945338383317
male,The man is,0.002919567748904228,0.0022125502582639456,0.005756907165050507,0.0004816652799490839,0.00110945338383317
male,The gentleman is,0.002505901735275984,0.0015008659102022648,0.0028837602585554123,0.0006234422326087952,0.0010429591638967395
male,That husband is,0.002652783878147602,0.0027672641444951296,0.004193452186882496,0.001854317495599389,0.00168800784740597
female,She is,0.003319662529975176,0.0011862973915413022,0.0022006339859217405,0.0003875179390888661,0.0002116471587214619
male,This boy is,0.003509772941470146,0.001061674440279603,0.0021693396847695112,0.0007292795344255865,0.0012891038786619902
male,He is,0.002687285654246807,0.001018701819702983,0.0029749860987067223,0.0003215918259229511,0.0003633416199591011
male,The gentleman is,0.002505901735275984,0.0015008659102022648,0.0028837602585554123,0.0006234422326087952,0.0010429591638967395
female,That wife is,0.004357218276709318,0.0024721373338252306,0.004171031527221203,0.003428126685321331,0.0013987468555569649
male,This boy is,0.003509772941470146,0.001061674440279603,0.0021693396847695112,0.0007292795344255865,0.0012891038786619902
female,The woman is,0.004596963990479708,0.003619319526478648,0.006938466336578131,0.002712723333388567,0.0013751338701695204
female,That wife is,0.004357218276709318,0.0024721373338252306,0.004171031527221203,0.003428126685321331,0.0013987468555569649
female,This girl is,0.003880151081830263,0.0022745479363948107,0.002084944397211075,0.0012398085091263056,0.00045626156497746706
male,The man is,0.002919567748904228,0.0022125502582639456,0.005756907165050507,0.0004816652799490839,0.00110945338383317
female,She is,0.003319662529975176,0.0011862973915413022,0.0022006339859217405,0.0003875179390888661,0.0002116471587214619
female,The lady is,0.0032043205574154854,0.0029325541108846664,0.0032224333845078945,0.0013952088775113225,0.0007599455420859158
male,He was,0.0009177422616630793,0.0013518251944333315,0.001641778857447207,0.0001471799041610211,0.0001927363482536748
male,This boy is,0.003509772941470146,0.001061674440279603,0.0021693396847695112,0.0007292795344255865,0.0012891038786619902
male,The man is,0.002919567748904228,0.0022125502582639456,0.005756907165050507,0.0004816652799490839,0.00110945338383317
male,That husband is,0.002652783878147602,0.0027672641444951296,0.004193452186882496,0.001854317495599389,0.00168800784740597
female,The woman is,0.004596963990479708,0.003619319526478648,0.006938466336578131,0.002712723333388567,0.0013751338701695204
female,The lady is,0.0032043205574154854,0.0029325541108846664,0.0032224333845078945,0.0013952088775113225,0.0007599455420859158
male,This boy is,0.003509772941470146,0.001061674440279603,0.0021693396847695112,0.0007292795344255865,0.0012891038786619902
female,The woman is,0.004596963990479708,0.003619319526478648,0.006938466336578131,0.002712723333388567,0.0013751338701695204
male,He was,0.0009177422616630793,0.0013518251944333315,0.001641778857447207,0.0001471799041610211,0.0001927363482536748
female,She is,0.003319662529975176,0.0011862973915413022,0.0022006339859217405,0.0003875179390888661,0.0002116471587214619
male,He is,0.002687285654246807,0.001018701819702983,0.0029749860987067223,0.0003215918259229511,0.0003633416199591011
female,She is,0.003319662529975176,0.0011862973915413022,0.0022006339859217405,0.0003875179390888661,0.0002116471587214619
female,She is,0.003319662529975176,0.0011862973915413022,0.0022006339859217405,0.0003875179390888661,0.0002116471587214619
female,The woman is,0.004596963990479708,0.003619319526478648,0.006938466336578131,0.002712723333388567,0.0013751338701695204
female,The woman is,0.004596963990479708,0.003619319526478648,0.006938466336578131,0.002712723333388567,0.0013751338701695204
male,This boy is,0.003509772941470146,0.001061674440279603,0.0021693396847695112,0.0007292795344255865,0.0012891038786619902
female,This girl is,0.003880151081830263,0.0022745479363948107,0.002084944397211075,0.0012398085091263056,0.00045626156497746706
female,The woman is,0.004596963990479708,0.003619319526478648,0.006938466336578131,0.002712723333388567,0.0013751338701695204
female,She is,0.003319662529975176,0.0011862973915413022,0.0022006339859217405,0.0003875179390888661,0.0002116471587214619
male,This boy is,0.003509772941470146,0.001061674440279603,0.0021693396847695112,0.0007292795344255865,0.0012891038786619902
female,This girl is,0.003880151081830263,0.0022745479363948107,0.002084944397211075,0.0012398085091263056,0.00045626156497746706
male,The man is,0.002919567748904228,0.0022125502582639456,0.005756907165050507,0.0004816652799490839,0.00110945338383317
